﻿InvoiceId,CustomerId,InvoiceDate,BillingAddress,BillingCity,BillingState,BillingCountry,BillingPostalCode,Total
61,32,2009-09-16,696 Osborne Street,Winnipeg,MB,Canada,R3L 2B9,13.86
265,27,2012-03-11,1033 N Park Ave,Tucson,AZ,USA,85719,0.99
326,51,2012-12-02,Celsiusg. 9,Stockholm,NULL,Sweden,11230,8.91
122,5,2010-06-14,Klanova 9/506,Prague,NULL,Czech Republic,14700,5.94
183,46,2011-03-18,3 Chatham Street,Dublin,Dublin,Ireland,NULL,1.98
387,29,2013-09-03,796 Dundas Street West,Toronto,ON,Canada,M6J 1V1,3.96
40,36,2009-06-15,Tauentzienstraße 8,Berlin,NULL,Germany,10789,13.86
244,31,2011-12-09,194A Chain Lake Drive,Halifax,NS,Canada,B3S 1C5,0.99
366,33,2013-06-02,5112 48 Street,Yellowknife,NT,Canada,X1A 1N6,3.96
305,55,2012-08-31,421 Bourke Street,Sidney,NSW,Australia,2010,8.91
162,50,2010-12-15,C/ San Bernardo 85,Madrid,NULL,Spain,28015,1.98
101,9,2010-03-13,Sønder Boulevard 51,Copenhagen,NULL,Denmark,1720,5.94
223,35,2011-09-07,"Rua dos Campeões Europeus de Viena, 4350",Porto,NULL,Portugal,NULL,0.99
284,59,2012-05-30,"3,Raj Bhavan Road",Bangalore,NULL,India,560001,8.91
19,40,2009-03-14,"8, Rue Hanovre",Paris,NULL,France,75002,13.86
141,54,2010-09-13,110 Raeburn Pl,Edinburgh ,NULL,United Kingdom,EH4 1HH,1.98
80,13,2009-12-10,Qe 7 Bloco G,Brasília,DF,Brazil,71020-677,5.94
406,21,2013-12-04,801 W 4th Street,Reno,NV,USA,89503,1.98
345,37,2013-03-01,Berger Straße 10,Frankfurt,NULL,Germany,60316,3.96
263,4,2012-02-27,Ullevålsveien 14,Oslo,NULL,Norway,0171,8.91
202,39,2011-06-06,"4, Rue Milton",Paris,NULL,France,75009,1.99
120,58,2010-06-12,"12,Community Centre",Delhi,NULL,India,110017,1.98
59,17,2009-09-08,1 Microsoft Way,Redmond,WA,USA,98052-8300,5.94
303,45,2012-08-27,Erzsébet krt. 58.,Budapest,NULL,Hungary,H-1073,3.96
324,41,2012-11-28,"11, Place Bellecour",Lyon,NULL,France,69002,3.96
99,3,2010-03-11,1498 rue Bélanger,Montréal,QC,Canada,H2G 1A7,3.98
385,25,2013-09-02,319 N. Frances Street,Madison,WI,USA,53703,1.98
160,47,2010-12-02,"Via Degli Scipioni, 43",Rome,RM,Italy,00192,0.99
181,43,2011-03-05,"68, Rue Jouvence",Dijon,NULL,France,21000,0.99
17,25,2009-03-06,319 N. Frances Street,Madison,WI,USA,53703,5.94
242,8,2011-11-26,Grétrystraat 63,Brussels,NULL,Belgium,1000,8.91
282,49,2012-05-26,Ordynacka 10,Warsaw,NULL,Poland,00-358,3.96
38,21,2009-06-07,801 W 4th Street,Reno,NV,USA,89503,5.94
139,51,2010-08-31,Celsiusg. 9,Stockholm,NULL,Sweden,11230,0.99
364,29,2013-06-01,796 Dundas Street West,Toronto,ON,Canada,M6J 1V1,1.98
404,6,2013-11-13,Rilská 3174/6,Prague,NULL,Czech Republic,14300,25.86
221,12,2011-08-25,"Praça Pio X, 119",Rio de Janeiro,RJ,Brazil,20040-020,8.91
261,53,2012-02-23,113 Lupus St,London,NULL,United Kingdom,SW1V 3EN,3.96
78,7,2009-12-08,"Rotenturmstraße 4, 1010 Innere Stadt",Vienne,NULL,Austria,1010,1.98
322,37,2012-11-27,Berger Straße 10,Frankfurt,NULL,Germany,60316,1.98
343,33,2013-02-28,5112 48 Street,Yellowknife,NT,Canada,X1A 1N6,1.98
118,55,2010-05-30,421 Bourke Street,Sidney,NSW,Australia,2010,0.99
200,16,2011-05-24,1600 Amphitheatre Parkway,Mountain View,CA,USA,94043-1351,8.91
179,20,2011-02-20,541 Del Medio Avenue,Mountain View,CA,USA,94040-111,8.91
57,11,2009-09-06,"Av. Paulista, 2022",São Paulo,SP,Brazil,01310-200,1.98
301,41,2012-08-26,"11, Place Bellecour",Lyon,NULL,France,69002,1.98
383,10,2013-08-12,"Rua Dr. Falcão Filho, 155",São Paulo,SP,Brazil,01007-010,13.86
158,24,2010-11-19,162 E Superior Street,Chicago,IL,USA,60611,8.91
240,57,2011-11-22,"Calle Lira, 198",Santiago,NULL,Chile,NULL,3.96
15,19,2009-03-04,1 Infinite Loop,Cupertino,CA,USA,95014,1.98
36,15,2009-06-05,700 W Pender Street,Vancouver,BC,Canada,V6C 1G8,1.98
280,45,2012-05-25,Erzsébet krt. 58.,Budapest,NULL,Hungary,H-1073,1.98
97,59,2010-02-26,"3,Raj Bhavan Road",Bangalore,NULL,India,560001,1.99
137,28,2010-08-18,302 S 700 E,Salt Lake City,UT,USA,84102,8.91
362,14,2013-05-11,8210 111 ST NW,Edmonton,AB,Canada,T6G 2C7,13.86
320,22,2012-11-06,120 S Orange Ave,Orlando,FL,USA,32801,13.86
219,2,2011-08-21,Theodor-Heuss-Straße 34,Stuttgart,NULL,Germany,70174,3.96
177,10,2011-02-16,"Rua Dr. Falcão Filho, 155",São Paulo,SP,Brazil,01007-010,3.96
76,4,2009-11-25,Ullevålsveien 14,Oslo,NULL,Norway,0171,0.99
34,12,2009-05-23,"Praça Pio X, 119",Rio de Janeiro,RJ,Brazil,20040-020,0.99
341,18,2013-02-07,627 Broadway,New York,NY,USA,10012-2612,13.86
299,26,2012-08-05,2211 W Berry Street,Fort Worth,TX,USA,76110,23.86
402,50,2013-11-05,C/ San Bernardo 85,Madrid,NULL,Spain,28015,5.94
156,14,2010-11-15,8210 111 ST NW,Edmonton,AB,Canada,T6G 2C7,3.96
198,6,2011-05-20,Rilská 3174/6,Prague,NULL,Czech Republic,14300,3.96
13,16,2009-02-19,1600 Amphitheatre Parkway,Mountain View,CA,USA,94043-1351,0.99
259,49,2012-02-22,Ordynacka 10,Warsaw,NULL,Poland,00-358,1.98
339,3,2013-01-30,1498 rue Bélanger,Montréal,QC,Canada,H2G 1A7,5.94
55,8,2009-08-24,Grétrystraat 63,Brussels,NULL,Belgium,1000,0.99
135,18,2010-08-14,627 Broadway,New York,NY,USA,10012-2612,3.96
116,32,2010-05-17,696 Osborne Street,Winnipeg,MB,Canada,R3L 2B9,8.91
196,2,2011-05-19,Theodor-Heuss-Straße 34,Stuttgart,NULL,Germany,70174,1.98
381,54,2013-08-04,110 Raeburn Pl,Edinburgh ,NULL,United Kingdom,EH4 1HH,5.94
53,44,2009-08-11,Porthaninkatu 9,Helsinki,NULL,Finland,00530,8.91
238,53,2011-11-21,113 Lupus St,London,NULL,United Kingdom,SW1V 3EN,1.98
318,7,2012-10-29,"Rotenturmstraße 4, 1010 Innere Stadt",Vienne,NULL,Austria,1010,5.94
95,36,2010-02-13,Tauentzienstraße 8,Berlin,NULL,Germany,10789,8.91
175,6,2011-02-15,Rilská 3174/6,Prague,NULL,Czech Republic,14300,1.98
360,58,2013-05-03,"12,Community Centre",Delhi,NULL,India,110017,5.94
32,48,2009-05-10,Lijnbaansgracht 120bg,Amsterdam,VV,Netherlands,1016,8.91
217,57,2011-08-20,"Calle Lira, 198",Santiago,NULL,Chile,NULL,1.98
297,11,2012-07-28,"Av. Paulista, 2022",São Paulo,SP,Brazil,01310-200,5.94
278,30,2012-05-04,230 Elgin Street,Ottawa,ON,Canada,K2P 1L7,13.86
358,52,2013-05-01,202 Hoxton Street,London,NULL,United Kingdom,N1 5LH,1.98
74,40,2009-11-12,"8, Rue Hanovre",Paris,NULL,France,75002,8.91
154,10,2010-11-14,"Rua Dr. Falcão Filho, 155",São Paulo,SP,Brazil,01007-010,1.98
400,44,2013-11-03,Porthaninkatu 9,Helsinki,NULL,Finland,00530,1.98
215,42,2011-07-30,"9, Place Louis Barthou",Bordeaux,NULL,France,33000,13.86
257,34,2012-02-01,Rua da Assunção 53,Lisbon,NULL,Portugal,NULL,13.86
11,52,2009-02-06,202 Hoxton Street,London,NULL,United Kingdom,N1 5LH,8.91
114,22,2010-05-13,120 S Orange Ave,Orlando,FL,USA,32801,3.96
337,56,2013-01-28,307 Macacha Güemes,Buenos Aires,NULL,Argentina,1106,1.98
379,48,2013-08-02,Lijnbaansgracht 120bg,Amsterdam,VV,Netherlands,1016,1.98
194,46,2011-04-28,3 Chatham Street,Dublin,Dublin,Ireland,NULL,21.86
236,38,2011-10-31,Barbarossastraße 19,Berlin,NULL,Germany,10779,13.86
51,34,2009-08-07,Rua da Assunção 53,Lisbon,NULL,Portugal,NULL,3.96
93,26,2010-02-09,2211 W Berry Street,Fort Worth,TX,USA,76110,3.96
316,1,2012-10-27,"Av. Brigadeiro Faria Lima, 2170",São José dos Campos,SP,Brazil,12227-000,1.98
276,15,2012-04-26,700 W Pender Street,Vancouver,BC,Canada,V6C 1G8,5.94
173,50,2011-01-25,C/ San Bernardo 85,Madrid,NULL,Spain,28015,13.86
72,30,2009-11-08,230 Elgin Street,Ottawa,ON,Canada,K2P 1L7,3.96
30,38,2009-05-06,Barbarossastraße 19,Berlin,NULL,Germany,10779,3.96
133,14,2010-08-13,8210 111 ST NW,Edmonton,AB,Canada,T6G 2C7,1.98
356,49,2013-04-18,Ordynacka 10,Warsaw,NULL,Poland,00-358,0.99
398,41,2013-10-21,"11, Place Bellecour",Lyon,NULL,France,69002,0.99
213,27,2011-07-22,1033 N Park Ave,Tucson,AZ,USA,85719,5.94
255,19,2012-01-24,1 Infinite Loop,Cupertino,CA,USA,95014,5.94
9,42,2009-02-02,"9, Place Louis Barthou",Bordeaux,NULL,France,33000,3.96
112,18,2010-05-12,627 Broadway,New York,NY,USA,10012-2612,1.98
70,26,2009-11-07,2211 W Berry Street,Fort Worth,TX,USA,76110,1.98
377,45,2013-07-20,Erzsébet krt. 58.,Budapest,NULL,Hungary,H-1073,0.99
335,53,2013-01-15,113 Lupus St,London,NULL,United Kingdom,SW1V 3EN,0.99
234,23,2011-10-23,69 Salem Street,Boston,MA,USA,2113,5.94
192,31,2011-04-20,194A Chain Lake Drive,Halifax,NS,Canada,B3S 1C5,5.94
295,5,2012-07-26,Klanova 9/506,Prague,NULL,Czech Republic,14700,1.98
49,30,2009-08-06,230 Elgin Street,Ottawa,ON,Canada,K2P 1L7,1.98
91,22,2010-02-08,120 S Orange Ave,Orlando,FL,USA,32801,1.98
375,22,2013-07-07,120 S Orange Ave,Orlando,FL,USA,32801,8.91
152,54,2010-10-24,110 Raeburn Pl,Edinburgh ,NULL,United Kingdom,EH4 1HH,13.86
171,35,2011-01-17,"Rua dos Campeões Europeus de Viena, 4350",Porto,NULL,Portugal,NULL,5.94
274,9,2012-04-24,Sønder Boulevard 51,Copenhagen,NULL,Denmark,1720,1.98
232,17,2011-10-21,1 Microsoft Way,Redmond,WA,USA,98052-8300,1.98
131,58,2010-07-23,"12,Community Centre",Delhi,NULL,India,110017,13.86
28,34,2009-05-05,Rua da Assunção 53,Lisbon,NULL,Portugal,NULL,1.98
396,18,2013-10-08,627 Broadway,New York,NY,USA,10012-2612,8.91
89,7,2010-01-18,"Rotenturmstraße 4, 1010 Innere Stadt",Vienne,NULL,Austria,1010,18.86
253,13,2012-01-22,Qe 7 Bloco G,Brasília,DF,Brazil,71020-677,1.98
354,26,2013-04-05,2211 W Berry Street,Fort Worth,TX,USA,76110,8.91
314,57,2012-10-14,"Calle Lira, 198",Santiago,NULL,Chile,NULL,0.99
211,21,2011-07-20,801 W 4th Street,Reno,NV,USA,89503,1.98
110,3,2010-04-21,1498 rue Bélanger,Montréal,QC,Canada,H2G 1A7,13.86
68,11,2009-10-17,"Av. Paulista, 2022",São Paulo,SP,Brazil,01310-200,13.86
293,2,2012-07-13,Theodor-Heuss-Straße 34,Stuttgart,NULL,Germany,70174,0.99
333,30,2013-01-02,230 Elgin Street,Ottawa,ON,Canada,K2P 1L7,8.91
150,39,2010-10-16,"4, Rue Milton",Paris,NULL,France,75009,5.94
394,8,2013-10-04,Grétrystraat 63,Brussels,NULL,Belgium,1000,3.96
7,38,2009-02-01,Barbarossastraße 19,Berlin,NULL,Germany,10779,1.98
190,25,2011-04-18,319 N. Frances Street,Madison,WI,USA,53703,1.98
272,6,2012-04-11,Rilská 3174/6,Prague,NULL,Czech Republic,14300,0.99
251,10,2012-01-09,"Rua Dr. Falcão Filho, 155",São Paulo,SP,Brazil,01007-010,0.99
129,43,2010-07-15,"68, Rue Jouvence",Dijon,NULL,France,21000,5.94
47,15,2009-07-16,700 W Pender Street,Vancouver,BC,Canada,V6C 1G8,13.86
312,34,2012-10-01,Rua da Assunção 53,Lisbon,NULL,Portugal,NULL,10.91
373,12,2013-07-03,"Praça Pio X, 119",Rio de Janeiro,RJ,Brazil,20040-020,3.96
108,47,2010-04-13,"Via Degli Scipioni, 43",Rome,RM,Italy,00192,5.94
230,14,2011-10-08,8210 111 ST NW,Edmonton,AB,Canada,T6G 2C7,0.99
169,29,2011-01-15,796 Dundas Street West,Toronto,ON,Canada,M6J 1V1,1.98
87,51,2010-01-10,Celsiusg. 9,Stockholm,NULL,Sweden,11230,6.94
26,19,2009-04-14,1 Infinite Loop,Cupertino,CA,USA,95014,13.86
352,16,2013-04-01,1600 Amphitheatre Parkway,Mountain View,CA,USA,94043-1351,3.96
291,38,2012-06-30,Barbarossastraße 19,Berlin,NULL,Germany,10779,8.91
209,18,2011-07-07,627 Broadway,New York,NY,USA,10012-2612,0.99
148,33,2010-10-14,5112 48 Street,Yellowknife,NT,Canada,X1A 1N6,1.98
66,55,2009-10-09,421 Bourke Street,Sidney,NSW,Australia,2010,5.94
5,23,2009-01-11,69 Salem Street,Boston,MA,USA,2113,13.86
392,4,2013-10-03,Ullevålsveien 14,Oslo,NULL,Norway,0171,1.98
270,42,2012-03-29,"9, Place Louis Barthou",Bordeaux,NULL,France,33000,8.91
249,46,2011-12-27,3 Chatham Street,Dublin,Dublin,Ireland,NULL,8.91
331,20,2012-12-29,541 Del Medio Avenue,Mountain View,CA,USA,94040-111,3.96
45,59,2009-07-08,"3,Raj Bhavan Road",Bangalore,NULL,India,560001,5.94
127,37,2010-07-13,Berger Straße 10,Frankfurt,NULL,Germany,60316,1.98
106,41,2010-04-11,"11, Place Bellecour",Lyon,NULL,France,69002,1.98
188,22,2011-04-05,120 S Orange Ave,Orlando,FL,USA,32801,0.99
371,8,2013-07-02,Grétrystraat 63,Brussels,NULL,Belgium,1000,1.98
310,24,2012-09-27,162 E Superior Street,Chicago,IL,USA,60611,7.96
228,50,2011-09-25,C/ San Bernardo 85,Madrid,NULL,Spain,28015,8.91
167,26,2011-01-02,2211 W Berry Street,Fort Worth,TX,USA,76110,0.99
85,45,2010-01-08,Erzsébet krt. 58.,Budapest,NULL,Hungary,H-1073,1.98
24,4,2009-04-06,Ullevålsveien 14,Oslo,NULL,Norway,0171,5.94
350,12,2013-03-31,"Praça Pio X, 119",Rio de Janeiro,RJ,Brazil,20040-020,1.98
289,28,2012-06-26,302 S 700 E,Salt Lake City,UT,USA,84102,3.96
411,44,2013-12-14,Porthaninkatu 9,Helsinki,NULL,Finland,00530,13.86
146,30,2010-10-01,230 Elgin Street,Ottawa,ON,Canada,K2P 1L7,0.99
207,54,2011-06-24,110 Raeburn Pl,Edinburgh ,NULL,United Kingdom,EH4 1HH,8.91
3,8,2009-01-03,Grétrystraat 63,Brussels,NULL,Belgium,1000,5.94
268,32,2012-03-25,696 Osborne Street,Winnipeg,MB,Canada,R3L 2B9,3.96
329,16,2012-12-28,1600 Amphitheatre Parkway,Mountain View,CA,USA,94043-1351,1.98
64,49,2009-10-07,Ordynacka 10,Warsaw,NULL,Poland,00-358,1.98
186,58,2011-03-23,"12,Community Centre",Delhi,NULL,India,110017,8.91
125,34,2010-06-30,Rua da Assunção 53,Lisbon,NULL,Portugal,NULL,0.99
43,53,2009-07-06,113 Lupus St,London,NULL,United Kingdom,SW1V 3EN,1.98
390,48,2013-09-12,Lijnbaansgracht 120bg,Amsterdam,VV,Netherlands,1016,13.86
308,20,2012-09-26,541 Del Medio Avenue,Mountain View,CA,USA,94040-111,3.98
247,36,2011-12-23,Tauentzienstraße 8,Berlin,NULL,Germany,10789,3.96
165,3,2010-12-20,1498 rue Bélanger,Montréal,QC,Canada,H2G 1A7,8.91
104,38,2010-03-29,Barbarossastraße 19,Berlin,NULL,Germany,10779,0.99
22,57,2009-04-04,"Calle Lira, 198",Santiago,NULL,Chile,NULL,1.98
369,52,2013-06-11,202 Hoxton Street,London,NULL,United Kingdom,N1 5LH,13.86
348,56,2013-03-10,307 Macacha Güemes,Buenos Aires,NULL,Argentina,1106,13.86
226,40,2011-09-21,"8, Rue Hanovre",Paris,NULL,France,75002,3.96
144,7,2010-09-18,"Rotenturmstraße 4, 1010 Innere Stadt",Vienne,NULL,Austria,1010,8.91
287,24,2012-06-25,162 E Superior Street,Chicago,IL,USA,60611,1.98
205,44,2011-06-20,Porthaninkatu 9,Helsinki,NULL,Finland,00530,7.96
83,42,2009-12-26,"9, Place Louis Barthou",Bordeaux,NULL,France,33000,0.99
1,2,2009-01-01,Theodor-Heuss-Straße 34,Stuttgart,NULL,Germany,70174,1.98
409,29,2013-12-06,796 Dundas Street West,Toronto,ON,Canada,M6J 1V1,5.94
62,46,2009-09-24,3 Chatham Street,Dublin,Dublin,Ireland,NULL,0.99
266,28,2012-03-24,302 S 700 E,Salt Lake City,UT,USA,84102,1.98
327,1,2012-12-07,"Av. Brigadeiro Faria Lima, 2170",São José dos Campos,SP,Brazil,12227-000,13.86
123,11,2010-06-17,"Av. Paulista, 2022",São Paulo,SP,Brazil,01310-200,8.91
184,48,2011-03-19,Lijnbaansgracht 120bg,Amsterdam,VV,Netherlands,1016,3.96
388,33,2013-09-04,5112 48 Street,Yellowknife,NT,Canada,X1A 1N6,5.94
41,50,2009-06-23,C/ San Bernardo 85,Madrid,NULL,Spain,28015,0.99
245,32,2011-12-22,696 Osborne Street,Winnipeg,MB,Canada,R3L 2B9,1.98
306,5,2012-09-05,Klanova 9/506,Prague,NULL,Czech Republic,14700,16.86
102,15,2010-03-16,700 W Pender Street,Vancouver,BC,Canada,V6C 1G8,9.91
367,37,2013-06-03,Berger Straße 10,Frankfurt,NULL,Germany,60316,5.94
285,9,2012-06-04,Sønder Boulevard 51,Copenhagen,NULL,Denmark,1720,13.86
163,52,2010-12-16,202 Hoxton Street,London,NULL,United Kingdom,N1 5LH,3.96
81,19,2009-12-13,1 Infinite Loop,Cupertino,CA,USA,95014,8.91
224,36,2011-09-20,Tauentzienstraße 8,Berlin,NULL,Germany,10789,1.98
142,56,2010-09-14,307 Macacha Güemes,Buenos Aires,NULL,Argentina,1106,3.96
20,54,2009-03-22,110 Raeburn Pl,Edinburgh ,NULL,United Kingdom,EH4 1HH,0.99
407,23,2013-12-04,69 Salem Street,Boston,MA,USA,2113,1.98
346,41,2013-03-02,"11, Place Bellecour",Lyon,NULL,France,69002,5.94
264,13,2012-03-03,Qe 7 Bloco G,Brasília,DF,Brazil,71020-677,13.86
203,40,2011-06-19,"8, Rue Hanovre",Paris,NULL,France,75002,2.98
121,1,2010-06-13,"Av. Brigadeiro Faria Lima, 2170",São José dos Campos,SP,Brazil,12227-000,3.96
60,23,2009-09-11,69 Salem Street,Boston,MA,USA,2113,8.91
386,27,2013-09-02,1033 N Park Ave,Tucson,AZ,USA,85719,1.98
325,45,2012-11-29,Erzsébet krt. 58.,Budapest,NULL,Hungary,H-1073,5.94
243,17,2011-12-01,1 Microsoft Way,Redmond,WA,USA,98052-8300,13.86
182,44,2011-03-18,Porthaninkatu 9,Helsinki,NULL,Finland,00530,1.98
304,49,2012-08-28,Ordynacka 10,Warsaw,NULL,Poland,00-358,5.94
39,27,2009-06-10,1033 N Park Ave,Tucson,AZ,USA,85719,8.91
100,5,2010-03-12,Klanova 9/506,Prague,NULL,Czech Republic,14700,3.96
365,31,2013-06-01,194A Chain Lake Drive,Halifax,NS,Canada,B3S 1C5,1.98
161,48,2010-12-15,Lijnbaansgracht 120bg,Amsterdam,VV,Netherlands,1016,1.98
222,21,2011-08-30,801 W 4th Street,Reno,NV,USA,89503,13.86
283,53,2012-05-27,113 Lupus St,London,NULL,United Kingdom,SW1V 3EN,5.94
18,31,2009-03-09,194A Chain Lake Drive,Halifax,NS,Canada,B3S 1C5,8.91
140,52,2010-09-13,202 Hoxton Street,London,NULL,United Kingdom,N1 5LH,1.98
79,9,2009-12-09,Sønder Boulevard 51,Copenhagen,NULL,Denmark,1720,3.96
405,20,2013-11-21,541 Del Medio Avenue,Mountain View,CA,USA,94040-111,0.99
344,35,2013-02-28,"Rua dos Campeões Europeus de Viena, 4350",Porto,NULL,Portugal,NULL,1.98
262,57,2012-02-24,"Calle Lira, 198",Santiago,NULL,Chile,NULL,5.94
201,25,2011-05-29,319 N. Frances Street,Madison,WI,USA,53703,18.86
119,56,2010-06-12,307 Macacha Güemes,Buenos Aires,NULL,Argentina,1106,1.98
58,13,2009-09-07,Qe 7 Bloco G,Brasília,DF,Brazil,71020-677,3.96
302,43,2012-08-26,"68, Rue Jouvence",Dijon,NULL,France,21000,1.98
323,39,2012-11-27,"4, Rue Milton",Paris,NULL,France,75009,1.98
159,33,2010-11-24,5112 48 Street,Yellowknife,NT,Canada,X1A 1N6,13.86
384,24,2013-08-20,162 E Superior Street,Chicago,IL,USA,60611,0.99
16,21,2009-03-05,801 W 4th Street,Reno,NV,USA,89503,3.96
180,29,2011-02-25,796 Dundas Street West,Toronto,ON,Canada,M6J 1V1,13.86
281,47,2012-05-25,"Via Degli Scipioni, 43",Rome,RM,Italy,00192,1.98
241,2,2011-11-23,Theodor-Heuss-Straße 34,Stuttgart,NULL,Germany,70174,5.94
138,37,2010-08-23,Berger Straße 10,Frankfurt,NULL,Germany,60316,13.86
37,17,2009-06-06,1 Microsoft Way,Redmond,WA,USA,98052-8300,3.96
321,36,2012-11-14,Tauentzienstraße 8,Berlin,NULL,Germany,10789,0.99
98,1,2010-03-11,"Av. Brigadeiro Faria Lima, 2170",São José dos Campos,SP,Brazil,12227-000,3.98
117,41,2010-05-22,"11, Place Bellecour",Lyon,NULL,France,69002,13.86
363,28,2013-05-19,302 S 700 E,Salt Lake City,UT,USA,84102,0.99
178,14,2011-02-17,8210 111 ST NW,Edmonton,AB,Canada,T6G 2C7,5.94
220,6,2011-08-22,Rilská 3174/6,Prague,NULL,Czech Republic,14300,5.94
35,13,2009-06-05,Qe 7 Bloco G,Brasília,DF,Brazil,71020-677,1.98
77,5,2009-12-08,Klanova 9/506,Prague,NULL,Czech Republic,14700,1.98
300,40,2012-08-13,"8, Rue Hanovre",Paris,NULL,France,75002,0.99
342,32,2013-02-15,696 Osborne Street,Winnipeg,MB,Canada,R3L 2B9,0.99
157,18,2010-11-16,627 Broadway,New York,NY,USA,10012-2612,5.94
403,56,2013-11-08,307 Macacha Güemes,Buenos Aires,NULL,Argentina,1106,8.91
14,17,2009-03-04,1 Microsoft Way,Redmond,WA,USA,98052-8300,1.98
199,10,2011-05-21,"Rua Dr. Falcão Filho, 155",São Paulo,SP,Brazil,01007-010,5.94
279,44,2012-05-12,Porthaninkatu 9,Helsinki,NULL,Finland,00530,0.99
260,51,2012-02-22,Celsiusg. 9,Stockholm,NULL,Sweden,11230,1.98
340,9,2013-02-02,Sønder Boulevard 51,Copenhagen,NULL,Denmark,1720,8.91
56,9,2009-09-06,Sønder Boulevard 51,Copenhagen,NULL,Denmark,1720,1.98
136,22,2010-08-15,120 S Orange Ave,Orlando,FL,USA,32801,5.94
382,1,2013-08-07,"Av. Brigadeiro Faria Lima, 2170",São José dos Campos,SP,Brazil,12227-000,8.91
197,4,2011-05-19,Ullevålsveien 14,Oslo,NULL,Norway,0171,1.98
239,55,2011-11-21,421 Bourke Street,Sidney,NSW,Australia,2010,1.98
319,13,2012-11-01,Qe 7 Bloco G,Brasília,DF,Brazil,71020-677,8.91
96,45,2010-02-18,Erzsébet krt. 58.,Budapest,NULL,Hungary,H-1073,21.86
176,8,2011-02-15,Grétrystraat 63,Brussels,NULL,Belgium,1000,1.98
361,5,2013-05-06,Klanova 9/506,Prague,NULL,Czech Republic,14700,8.91
33,57,2009-05-15,"Calle Lira, 198",Santiago,NULL,Chile,NULL,13.86
218,59,2011-08-20,"3,Raj Bhavan Road",Bangalore,NULL,India,560001,1.98
298,17,2012-07-31,1 Microsoft Way,Redmond,WA,USA,98052-8300,10.91
75,49,2009-11-17,Ordynacka 10,Warsaw,NULL,Poland,00-358,13.86
155,12,2010-11-14,"Praça Pio X, 119",Rio de Janeiro,RJ,Brazil,20040-020,1.98
401,46,2013-11-04,3 Chatham Street,Dublin,Dublin,Ireland,NULL,3.96
12,2,2009-02-11,Theodor-Heuss-Straße 34,Stuttgart,NULL,Germany,70174,13.86
258,48,2012-02-09,Lijnbaansgracht 120bg,Amsterdam,VV,Netherlands,1016,0.99
338,58,2013-01-29,"12,Community Centre",Delhi,NULL,India,110017,3.96
54,53,2009-08-16,113 Lupus St,London,NULL,United Kingdom,SW1V 3EN,13.86
195,1,2011-05-06,"Av. Brigadeiro Faria Lima, 2170",São José dos Campos,SP,Brazil,12227-000,0.99
115,26,2010-05-14,2211 W Berry Street,Fort Worth,TX,USA,76110,5.94
52,38,2009-08-08,Barbarossastraße 19,Berlin,NULL,Germany,10779,5.94
380,50,2013-08-03,C/ San Bernardo 85,Madrid,NULL,Spain,28015,3.96
317,3,2012-10-28,1498 rue Bélanger,Montréal,QC,Canada,H2G 1A7,3.96
237,52,2011-11-08,202 Hoxton Street,London,NULL,United Kingdom,N1 5LH,0.99
174,5,2011-02-02,Klanova 9/506,Prague,NULL,Czech Republic,14700,0.99
94,30,2010-02-10,230 Elgin Street,Ottawa,ON,Canada,K2P 1L7,5.94
31,42,2009-05-07,"9, Place Louis Barthou",Bordeaux,NULL,France,33000,5.94
359,54,2013-05-02,110 Raeburn Pl,Edinburgh ,NULL,United Kingdom,EH4 1HH,3.96
357,50,2013-05-01,C/ San Bernardo 85,Madrid,NULL,Spain,28015,1.98
216,56,2011-08-07,307 Macacha Güemes,Buenos Aires,NULL,Argentina,1106,0.99
153,9,2010-11-01,Sønder Boulevard 51,Copenhagen,NULL,Denmark,1720,0.99
277,21,2012-04-29,801 W 4th Street,Reno,NV,USA,89503,8.91
214,33,2011-07-25,5112 48 Street,Yellowknife,NT,Canada,X1A 1N6,8.91
73,34,2009-11-09,Rua da Assunção 53,Lisbon,NULL,Portugal,NULL,5.94
10,46,2009-02-03,3 Chatham Street,Dublin,Dublin,Ireland,NULL,5.94
134,16,2010-08-13,1600 Amphitheatre Parkway,Mountain View,CA,USA,94043-1351,1.98
71,28,2009-11-07,302 S 700 E,Salt Lake City,UT,USA,84102,1.98
399,42,2013-11-03,"9, Place Louis Barthou",Bordeaux,NULL,France,33000,1.98
336,54,2013-01-28,110 Raeburn Pl,Edinburgh ,NULL,United Kingdom,EH4 1HH,1.98
256,25,2012-01-27,319 N. Frances Street,Madison,WI,USA,53703,8.91
193,37,2011-04-23,Berger Straße 10,Frankfurt,NULL,Germany,60316,14.91
113,20,2010-05-12,541 Del Medio Avenue,Mountain View,CA,USA,94040-111,1.98
50,32,2009-08-06,696 Osborne Street,Winnipeg,MB,Canada,R3L 2B9,1.98
378,46,2013-08-02,3 Chatham Street,Dublin,Dublin,Ireland,NULL,1.98
315,58,2012-10-27,"12,Community Centre",Delhi,NULL,India,110017,1.98
235,29,2011-10-26,796 Dundas Street West,Toronto,ON,Canada,M6J 1V1,8.91
376,31,2013-07-12,194A Chain Lake Drive,Halifax,NS,Canada,B3S 1C5,13.86
296,7,2012-07-27,"Rotenturmstraße 4, 1010 Innere Stadt",Vienne,NULL,Austria,1010,3.96
172,41,2011-01-20,"11, Place Bellecour",Lyon,NULL,France,69002,8.91
92,24,2010-02-08,162 E Superior Street,Chicago,IL,USA,60611,1.98
233,19,2011-10-22,1 Infinite Loop,Cupertino,CA,USA,95014,3.96
275,11,2012-04-25,"Av. Paulista, 2022",São Paulo,SP,Brazil,01310-200,3.96
29,36,2009-05-05,Tauentzienstraße 8,Berlin,NULL,Germany,10789,1.98
132,13,2010-07-31,Qe 7 Bloco G,Brasília,DF,Brazil,71020-677,0.99
355,35,2013-04-10,"Rua dos Campeões Europeus de Viena, 4350",Porto,NULL,Portugal,NULL,13.86
397,27,2013-10-13,1033 N Park Ave,Tucson,AZ,USA,85719,13.86
212,23,2011-07-21,69 Salem Street,Boston,MA,USA,2113,3.96
254,15,2012-01-23,700 W Pender Street,Vancouver,BC,Canada,V6C 1G8,3.96
69,25,2009-10-25,319 N. Frances Street,Madison,WI,USA,53703,0.99
111,17,2010-04-29,1 Microsoft Way,Redmond,WA,USA,98052-8300,0.99
334,39,2013-01-07,"4, Rue Milton",Paris,NULL,France,75009,13.86
294,3,2012-07-26,1498 rue Bélanger,Montréal,QC,Canada,H2G 1A7,1.98
191,27,2011-04-19,1033 N Park Ave,Tucson,AZ,USA,85719,3.96
90,21,2010-01-26,801 W 4th Street,Reno,NV,USA,89503,0.99
48,29,2009-07-24,796 Dundas Street West,Toronto,ON,Canada,M6J 1V1,0.99
151,45,2010-10-19,Erzsébet krt. 58.,Budapest,NULL,Hungary,H-1073,8.91
374,16,2013-07-04,1600 Amphitheatre Parkway,Mountain View,CA,USA,94043-1351,5.94
8,40,2009-02-01,"8, Rue Hanovre",Paris,NULL,France,75002,1.98
231,15,2011-10-21,700 W Pender Street,Vancouver,BC,Canada,V6C 1G8,1.98
273,7,2012-04-24,"Rotenturmstraße 4, 1010 Innere Stadt",Vienne,NULL,Austria,1010,1.98
27,33,2009-04-22,5112 48 Street,Yellowknife,NT,Canada,X1A 1N6,0.99
130,49,2010-07-18,Ordynacka 10,Warsaw,NULL,Poland,00-358,8.91
88,57,2010-01-13,"Calle Lira, 198",Santiago,NULL,Chile,NULL,17.91
395,12,2013-10-05,"Praça Pio X, 119",Rio de Janeiro,RJ,Brazil,20040-020,5.94
353,20,2013-04-02,541 Del Medio Avenue,Mountain View,CA,USA,94040-111,5.94
252,11,2012-01-22,"Av. Paulista, 2022",São Paulo,SP,Brazil,01310-200,1.98
210,19,2011-07-20,1 Infinite Loop,Cupertino,CA,USA,95014,1.98
313,43,2012-10-06,"68, Rue Jouvence",Dijon,NULL,France,21000,16.86
67,2,2009-10-12,Theodor-Heuss-Straße 34,Stuttgart,NULL,Germany,70174,8.91
109,53,2010-04-16,113 Lupus St,London,NULL,United Kingdom,SW1V 3EN,8.91
332,24,2012-12-30,162 E Superior Street,Chicago,IL,USA,60611,5.94
170,31,2011-01-16,194A Chain Lake Drive,Halifax,NS,Canada,B3S 1C5,3.96
393,6,2013-10-03,Rilská 3174/6,Prague,NULL,Czech Republic,14300,1.98
292,47,2012-07-05,"Via Degli Scipioni, 43",Rome,RM,Italy,00192,13.86
189,23,2011-04-18,69 Salem Street,Boston,MA,USA,2113,1.98
149,35,2010-10-15,"Rua dos Campeões Europeus de Viena, 4350",Porto,NULL,Portugal,NULL,3.96
250,55,2012-01-01,421 Bourke Street,Sidney,NSW,Australia,2010,13.86
6,37,2009-01-19,Berger Straße 10,Frankfurt,NULL,Germany,60316,0.99
46,6,2009-07-11,Rilská 3174/6,Prague,NULL,Czech Republic,14300,8.91
271,51,2012-04-03,Celsiusg. 9,Stockholm,NULL,Sweden,11230,13.86
107,43,2010-04-12,"68, Rue Jouvence",Dijon,NULL,France,21000,3.96
128,39,2010-07-14,"4, Rue Milton",Paris,NULL,France,75009,3.96
372,10,2013-07-02,"Rua Dr. Falcão Filho, 155",São Paulo,SP,Brazil,01007-010,1.98
311,28,2012-09-28,302 S 700 E,Salt Lake City,UT,USA,84102,11.94
229,59,2011-09-30,"3,Raj Bhavan Road",Bangalore,NULL,India,560001,13.86
168,27,2011-01-15,1033 N Park Ave,Tucson,AZ,USA,85719,1.98
86,47,2010-01-09,"Via Degli Scipioni, 43",Rome,RM,Italy,00192,3.96
25,10,2009-04-09,"Rua Dr. Falcão Filho, 155",São Paulo,SP,Brazil,01007-010,8.91
351,14,2013-03-31,8210 111 ST NW,Edmonton,AB,Canada,T6G 2C7,1.98
290,32,2012-06-27,696 Osborne Street,Winnipeg,MB,Canada,R3L 2B9,5.94
412,58,2013-12-22,"12,Community Centre",Delhi,NULL,India,110017,1.99
147,31,2010-10-14,194A Chain Lake Drive,Halifax,NS,Canada,B3S 1C5,1.98
208,4,2011-06-29,Ullevålsveien 14,Oslo,NULL,Norway,0171,15.86
4,14,2009-01-06,8210 111 ST NW,Edmonton,AB,Canada,T6G 2C7,8.91
269,36,2012-03-26,Tauentzienstraße 8,Berlin,NULL,Germany,10789,5.94
330,18,2012-12-28,627 Broadway,New York,NY,USA,10012-2612,1.98
65,51,2009-10-08,Celsiusg. 9,Stockholm,NULL,Sweden,11230,3.96
126,35,2010-07-13,"Rua dos Campeões Europeus de Viena, 4350",Porto,NULL,Portugal,NULL,1.98
391,3,2013-09-20,1498 rue Bélanger,Montréal,QC,Canada,H2G 1A7,0.99
187,8,2011-03-28,Grétrystraat 63,Brussels,NULL,Belgium,1000,13.86
248,40,2011-12-24,"8, Rue Hanovre",Paris,NULL,France,75002,5.94
44,55,2009-07-07,421 Bourke Street,Sidney,NSW,Australia,2010,3.96
105,39,2010-04-11,"4, Rue Milton",Paris,NULL,France,75009,1.98
309,22,2012-09-26,120 S Orange Ave,Orlando,FL,USA,32801,3.98
370,7,2013-06-19,"Rotenturmstraße 4, 1010 Innere Stadt",Vienne,NULL,Austria,1010,0.99
166,12,2010-12-25,"Praça Pio X, 119",Rio de Janeiro,RJ,Brazil,20040-020,13.86
227,44,2011-09-22,Porthaninkatu 9,Helsinki,NULL,Finland,00530,5.94
23,59,2009-04-05,"3,Raj Bhavan Road",Bangalore,NULL,India,560001,3.96
84,43,2010-01-08,"68, Rue Jouvence",Dijon,NULL,France,21000,1.98
288,26,2012-06-25,2211 W Berry Street,Fort Worth,TX,USA,76110,1.98
410,35,2013-12-09,"Rua dos Campeões Europeus de Viena, 4350",Porto,NULL,Portugal,NULL,8.91
349,11,2013-03-18,"Av. Paulista, 2022",São Paulo,SP,Brazil,01310-200,0.99
267,30,2012-03-24,230 Elgin Street,Ottawa,ON,Canada,K2P 1L7,1.98
145,16,2010-09-23,1600 Amphitheatre Parkway,Mountain View,CA,USA,94043-1351,13.86
63,47,2009-10-07,"Via Degli Scipioni, 43",Rome,RM,Italy,00192,1.98
206,48,2011-06-21,Lijnbaansgracht 120bg,Amsterdam,VV,Netherlands,1016,8.94
124,20,2010-06-22,541 Del Medio Avenue,Mountain View,CA,USA,94040-111,13.86
2,4,2009-01-02,Ullevålsveien 14,Oslo,NULL,Norway,0171,3.96
389,39,2013-09-07,"4, Rue Milton",Paris,NULL,France,75009,8.91
328,15,2012-12-15,700 W Pender Street,Vancouver,BC,Canada,V6C 1G8,0.99
246,34,2011-12-22,Rua da Assunção 53,Lisbon,NULL,Portugal,NULL,1.98
185,52,2011-03-20,202 Hoxton Street,London,NULL,United Kingdom,N1 5LH,5.94
103,24,2010-03-21,162 E Superior Street,Chicago,IL,USA,60611,15.86
42,51,2009-07-06,Celsiusg. 9,Stockholm,NULL,Sweden,11230,1.98
368,43,2013-06-06,"68, Rue Jouvence",Dijon,NULL,France,21000,8.91
307,19,2012-09-13,1 Infinite Loop,Cupertino,CA,USA,95014,1.99
225,38,2011-09-20,Barbarossastraße 19,Berlin,NULL,Germany,10779,1.98
164,56,2010-12-17,307 Macacha Güemes,Buenos Aires,NULL,Argentina,1106,5.94
286,23,2012-06-12,69 Salem Street,Boston,MA,USA,2113,0.99
21,55,2009-04-04,421 Bourke Street,Sidney,NSW,Australia,2010,1.98
82,28,2009-12-18,302 S 700 E,Salt Lake City,UT,USA,84102,13.86
347,47,2013-03-05,"Via Degli Scipioni, 43",Rome,RM,Italy,00192,8.91
143,1,2010-09-15,"Av. Brigadeiro Faria Lima, 2170",São José dos Campos,SP,Brazil,12227-000,5.94
204,42,2011-06-19,"9, Place Louis Barthou",Bordeaux,NULL,France,33000,3.98
408,25,2013-12-05,319 N. Frances Street,Madison,WI,USA,53703,3.96
