﻿ArtistId,Name
61,Santana Feat. Everlast
265,Julian Bream
183,Gustavo & Andres Veiga & Salazar
122,R.E.M. Feat. Kate Pearson
40,Os Cariocas
244,Choir Of Westminster Abbey & Simon Preston
162,Los Lonely Boys
101,Lulu Santos
223,London Symphony Orchestra & Sir Charles Mackerras
141,The Police
19,Cidade Negra
263,"Equale Brass Ensemble, John Eliot Gardiner & Munich Monteverdi Orchestra and Choir"
80,Djavan
120,Pink Floyd
202,Aaron Goldberg
99,Legião Urbana
59,Santana
160,Christina Aguilera featuring BigElf
181,Xis
17,Chico Buarque
242,Edo de Waart & San Francisco Symphony
139,The Cult
38,Banda Black Rio
261,"Roger Norrington, London Classical Players"
221,Sir Georg Solti & Wiener Philharmoniker
118,Pearl Jam
78,Def Leppard
179,Scorpions
200,The Posies
158,Battlestar Galactica (Classic)
57,Os Mutantes
15,Buddy Guy
240,Gustav Mahler
137,The Black Crowes
36,O Rappa
177,Jack's Mannequin & Mick Fleetwood
97,João Suplicy
34,Nando Reis
219,"Britten Sinfonia, Ivor Bolton & Lesley Garrett"
156,The Office
76,Creedence Clearwater Revival
13,Body Count
198,Habib Koité and Bamada
135,System Of A Down
259,The 12 Cellists of The Berlin Philharmonic
196,Cake
55,David Coverdale
53,Spyro Gyra
116,Passengers
175,Jaguares
238,Maurizio Pollini
32,Ney Matogrosso
95,Joe Satriani
154,Whitesnake
217,Royal Philharmonic Orchestra & Sir Thomas Beecham
215,Academy of St. Martin in the Fields Chamber Ensemble & Sir Neville Marriner
74,Vinícius E Odette Lara
11,Black Label Society
257,"Academy of St. Martin in the Fields, Sir Neville Marriner & Thurston Dart"
194,Sabotage E Instituto
114,Ozzy Osbourne
51,Queen
236,James Levine
173,Matisyahu
93,JET
30,Jorge Vercilo
72,Vinícius De Moraes
213,Scholars Baroque Ensemble
133,Stevie Ray Vaughan & Double Trouble
9,BackBeat
255,Yehudi Menuhin
70,Toquinho & Vinícius
112,Olodum
192,DJ Dolores & Orchestra Santa Massa
234,Orchestra of The Age of Enlightenment
49,"Edson, DJ Marky & DJ Patife Featuring Fernanda Porto"
91,James Brown
171,Ben Harper
152,Van Halen
232,Sergei Prokofiev & Yuri Temirkanov
274,Nash Ensemble
28,João Gilberto
131,Smashing Pumpkins
89,Incognito
253,Calexico
211,Wilhelm Kempff
110,Nirvana
68,Miles Davis
150,U2
190,Instituto
7,Apocalyptica
251,Fretwork
272,Emerson String Quartet
47,Hermeto Pascoal
129,Simply Red
230,Aaron Copland & London Symphony Orchestra
108,Mônica Marianno
87,Godsmack
169,Black Eyed Peas
209,"Anne-Sophie Mutter, Herbert Von Karajan & Wiener Philharmoniker"
26,Azymuth
66,Santana Feat. Eagle-Eye Cherry
148,Heroes
249,"Sir Georg Solti, Sumi Jo & Wiener Philharmoniker"
5,Alice In Chains
45,Sandra De Sá
270,Gerald Moore
106,Motörhead
127,Red Hot Chili Peppers
228,Leonard Bernstein & New York Philharmonic
188,Mundo Livre S/A
85,Frank Sinatra
167,Big & Rich
207,"Richard Marlow & The Choir of Trinity College, Cambridge"
24,Marcos Valle
268,Itzhak Perlman
146,Titãs
64,Santana Feat. The Project G&B
3,Aerosmith
125,Raimundos
186,Pedro Luís E A Parede
247,The King's Singers
43,A Cor Do Som
104,Marvin Gaye
165,Jackson Browne
226,Eugene Ormandy
22,Led Zeppelin
83,Falamansa
144,The Who
266,Martin Roscoe
205,Chris Cornell
123,R.E.M. Feat. KRS-One
1,AC/DC
245,Michael Tilson Thomas & San Francisco Symphony
62,Santana Feat. Rob Thomas
102,Marillion
184,Rodox
81,Eric Clapton
41,Elis Regina
142,The Rolling Stones
163,Corinne Bailey Rae
264,Kent Nagano and Orchestre de l'Opéra de Lyon
224,Barry Wordsworth & BBC Concert Orchestra
121,Planet Hemp
20,Cláudio Zoli
243,Antal Doráti & London Symphony Orchestra
203,Nicolaus Esterhazy Sinfonia
100,Lenny Kravitz
60,Santana Feat. Dave Matthews
161,Aerosmith & Sierra Leone's Refugee Allstars
182,Nega Gizza
140,The Doors
39,Fernanda Porto
262,Charles Dutoit & L'Orchestre Symphonique de Montréal
222,"Academy of St. Martin in the Fields, John Birch, Sir Neville Marriner & Sylvia McNair"
119,Peter Tosh
18,Chico Science & Nação Zumbi
159,Aquaman
79,Dennis Chambers
16,Caetano Veloso
201,Luciana Souza/Romero Lubambo
138,The Clash
58,Deep Purple
117,Paul D'Ianno
180,House Of Pain
178,Regina Spektor
241,"Felix Schmidt, London Symphony Orchestra & Rafael Frühbeck de Burgos"
35,Pedro Luís & A Parede
37,Ed Motta
157,Dread Zeppelin
98,Judas Priest
14,Bruce Dickinson
220,"Chicago Symphony Chorus, Chicago Symphony Orchestra & Sir Georg Solti"
136,"Terry Bozzio, Tony Levin & Steve Stevens"
77,Cássia Eller
197,Aisha Duo
199,Karsh Kale
176,The Flaming Lips
260,Adrian Leaper & Doreen de Feis
33,Luiz Melodia
56,Gonzaguinha
155,Zeca Pagodinho
239,"Academy of St. Martin in the Fields, Sir Neville Marriner & William Bennett"
12,Black Sabbath
96,Jota Quest
195,Stereo Maracana
218,Orchestre Révolutionnaire et Romantique & John Eliot Gardiner
52,Kiss
75,"Vinicius, Toquinho & Quarteto Em Cy"
174,The Postal Service
258,Les Arts Florissants & William Christie
31,Baby Consuelo
54,Green Day
153,Velvet Revolver
115,Page & Plant
214,Academy of St. Martin in the Fields & Sir Neville Marriner
237,Berliner Philharmoniker & Hans Rosbaud
10,Billy Cobham
94,Jimi Hendrix
71,Vinícius De Moraes & Baden Powell
216,"Berliner Philharmoniker, Claudio Abbado & Sabine Meyer"
193,Seu Jorge
73,Vinícius E Qurteto Em Cy
50,Metallica
134,Stone Temple Pilots
172,Snow Patrol
256,Philharmonia Orchestra & Sir Neville Marriner
233,Chicago Symphony Orchestra & Fritz Reiner
113,Os Paralamas Do Sucesso
29,Bebel Gilberto
235,"Emanuel Ax, Eugene Ormandy & Philadelphia Orchestra"
212,Yo-Yo Ma
92,Jamiroquai
69,Gene Krupa
275,Philip Glass Ensemble
191,Nação Zumbi
132,Soundgarden
48,Barão Vermelho
254,Otto Klemperer & Philharmonia Orchestra
231,Ton Koopman
111,O Terço
27,Gilberto Gil
90,Iron Maiden
88,Guns N' Roses
151,UB40
210,"Hilary Hahn, Jeffrey Kahane, Los Angeles Chamber Orchestra & Margaret Batjer"
8,Audioslave
67,Santana Feat. Eric Clapton
273,"C. Monteverdi, Nigel Rogers - Chiaroscuro; London Baroque; London Cornett & Sackbu"
189,Otto
130,Skank
250,Christopher O'Riley
252,Amy Winehouse
46,Jorge Ben
109,Mötley Crüe
107,Motörhead & Girlschool
170,Jack Johnson
229,Boston Symphony Orchestra & Seiji Ozawa
149,Lost
86,Funk Como Le Gusta
6,Antônio Carlos Jobim
208,English Concert & Trevor Pinnock
271,"Mela Tenenbaum, Pro Musica Prague & Richard Kapp"
269,Michele Campanella
128,Rush
65,Santana Feat. Maná
168,Youssou N'Dour
248,Berliner Philharmoniker & Herbert Von Karajan
25,Milton Nascimento & Bebeto
105,Men At Work
147,Battlestar Galactica
227,Luciano Pavarotti
4,Alanis Morissette
84,Foo Fighters
126,Raul Seixas
267,Göteborgs Symfoniker & Neeme Järvi
187,Los Hermanos
63,Santana Feat. Lauryn Hill & Cee-Lo
44,Kid Abelha
124,R.E.M.
166,Avril Lavigne
246,"Chor der Wiener Staatsoper, Herbert Von Karajan & Wiener Philharmoniker"
23,Frank Zappa & Captain Beefheart
103,Marisa Monte
145,Tim Maia
225,"Herbert Von Karajan, Mirella Freni & Wiener Philharmoniker"
206,Alberto Turco & Nova Schola Gregoriana
82,Faith No More
2,Accept
143,The Tea Party
185,Charlie Brown Jr.
42,Milton Nascimento
164,Dhani Harrison & Jakob Dylan
21,Various Artists
204,Temple of the Dog
