﻿AlbumId,AlbumTitle,ArtistId
61,Knocking at Your Back Door: The Best Of Deep Purple in the 80's,58
265,Every Kind of Light,200
326,Mendelssohn: A Midsummer Night's Dream,256
122,Jorge Ben Jor 25 Anos,46
183,Dark Side Of The Moon,120
244,Van Halen,152
40,Into The Light,55
305,Great Recordings of the Century - Mahler: Das Lied von der Erde,240
162,Motley Crue Greatest Hits,109
101,Killers,90
223,Serie Sem Limite (Disc 2),145
284,Beethoven: Symhonies Nos. 5 & 6,218
19,Chemical Wedding,14
141,Greatest Hits,100
80,In Your Honor [Disc 2],84
263,Muso Ko,198
345,Monteverdi: L'Orfeo,273
120,Are You Experienced?,94
202,Rotten Apples: Greatest Hits,131
303,Sibelius: Finlandia,237
59,Deep Purple In Rock,58
99,Fear Of The Dark,90
324,Beethoven: Symphony No. 6 'Pastoral' Etc.,254
160,Ace Of Spades,106
181,Ten,118
17,Black Sabbath Vol. 4 (Remaster),12
242,Diver Down,152
282,Mozart: Wind Concertos,216
38,Heart of the Night,53
139,A TempestadeTempestade Ou O Livro Dos Dias,99
221,My Generation - The Very Best Of The Who,144
261,"LOST, Season 4",149
78,Deixa Entrar,83
322,Frank,252
343,Respighi:Pines of Rome,226
118,The Return Of The Space Cowboy,92
200,O Samba Poconé,130
179,Pearl Jam,118
57,Cássia Eller - Sem Limite [Disc 1],77
301,Chopin: Piano Concertos Nos. 1 & 2,235
240,Zooropa,150
158,Milton Nascimento Ao Vivo,42
36,Greatest Hits II,51
15,Alcohol Fueled Brewtality Live! [Disc 2],11
97,Brave New World,90
280,The World of Classical Favourites,214
219,Tangents,143
137,The Song Remains The Same (Disc 1),22
76,King For A Day Fool For A Lifetime,82
320,Mozart: Symphonies Nos. 40 & 41,248
341,"Great Recordings of the Century - Shubert: Schwanengesang, 4 Lieder",270
177,The Beast Live,117
198,Santana Live,59
34,Chill: Brazil (Disc 2),6
259,Radio Brasil (O Som da Jovem Vanguarda) - Seleccao de Henrique Amaro,36
299,Scheherazade,233
55,"Chronicle, Vol. 2",76
156,...And Justice For All,50
116,Emergency On Planet Earth,92
13,The Best Of Billy Cobham,10
238,The Best Of 1980-1990,150
339,Great Recordings of the Century: Paganini's 24 Caprices,268
95,A Real Dead One,90
135,Physical Graffiti [Disc 2],22
217,No Security,142
196,Retrospective I (1974-1980),128
278,Bach: The Cello Suites,212
53,Vozes do MPB,21
74,Album Of The Year,82
318,SCRIABIN: Vers la flamme,250
257,20th Century Masters - The Millennium Collection: The Best of Scorpions,179
175,Walking Into Clarksdale,115
114,Virtual XI,90
32,Carnaval 2001,21
236,Pop,150
297,Bach: Toccata & Fugue in D Minor,231
93,Blue Moods,89
154,Ride The Lightning,50
276,Bach: Violin Concertos,210
215,The Police Greatest Hits,141
72,The Cream Of Clapton,81
11,Out Of Exile,8
133,Led Zeppelin II,22
337,"Szymanowski: Piano Works, Vol. 1",266
255,Instant Karma: The Amnesty International Campaign to Save Darfur,150
194,By The Way,127
112,The Number of The Beast,90
51,Up An' Atom,69
234,B-Sides 1980-1990,150
316,Grieg: Peer Gynt Suites & Sibelius: Pelléas et Mélisande,248
295,Carmina Burana,229
173,No More Tears (Remastered),114
91,Use Your Illusion I,88
30,BBC Sessions [Disc 1] [Live],22
152,Master Of Puppets,50
213,"Pure Cult: The Best Of The Cult (For Rockers, Ravers, Lovers & Sinners) [UK]",139
274,Pachelbel: Canon & Gigue,208
9,Plays Metallica By Four Cellos,7
131,IV,22
70,Djavan Ao Vivo - Vol. 1,80
253,"Battlestar Galactica (Classic), Season 1",158
335,"J.S. Bach: Chaconne, Suite in E Minor, Partita in E Major & Prelude, Fugue and Allegro",265
314,English Renaissance,247
192,Raul Seixas,126
110,Seventh Son of a Seventh Son,90
49,The Essential Miles Davis [Disc 2],68
293,Pavarotti's Opera Made Easy,227
171,Blizzard of Ozz,114
150,Kill 'Em All,50
232,Achtung Baby,150
7,Facelift,5
28,Na Pista,20
272,Adorate Deum: Gregorian Chant from the Proper of the Mass,206
89,American Idiot,54
129,Houses Of The Holy,22
211,The Singles,138
312,Berlioz: Symphonie Fantastique,245
68,Outbreak,79
108,Rock In Rio [CD1],90
333,Purcell: Music for the Queen Mary,263
169,Arquivo Os Paralamas Do Sucesso,113
190,The Best Of R.E.M.: The IRS Years,124
26,Acústico MTV [Live],19
251,"The Office, Season 3",156
291,Puccini: Madama Butterfly - Highlights,225
47,The Best of Ed Motta,37
148,Black Album,50
230,"Lost, Season 1",149
5,Big Ones,3
87,Quanta Gente Veio ver--Bônus De Carnaval,27
270,Carry On,205
209,Live [Disc 1],137
331,Purcell: The Fairy Queen,261
66,The Battle Rages On,58
127,BBC Sessions [Disc 2] [Live],22
249,"The Office, Season 1",156
188,Green,124
45,Sambas De Enredo 2001,21
310,Prokofiev: Romeo & Juliet,245
106,Piece Of Mind,90
167,Acústico MTV,113
228,"Heroes, Season 1",148
24,Afrociberdelia,18
85,As Canções de Eu Tu Eles,27
289,Tchaikovsky: The Nutcracker,223
207,Mezmerize,135
146,Seek And Shall Find: More Of The Best (1963-1981),104
268,The Best of Beethoven,203
3,Restless and Wild,2
64,Slaves And Masters,58
329,South American Getaway,259
125,Living After Midnight,98
186,News Of The World,51
247,Vinicius De Moraes,72
43,MK III The Final Concerts [Disc 1],58
104,Live At Donington 1992 (Disc 2),90
308,"Tchaikovsky: 1812 Festival Overture, Op.49, Capriccio Italien & Beethoven: Wellington's Victory",243
226,Battlestar Galactica: The Story So Far,147
165,Compositores,111
287,Wagner: Favourite Overtures,221
22,Sozinho Remix Ao Vivo,16
83,My Way: The Best Of Frank Sinatra [Disc 1],85
144,Misplaced Childhood,102
266,Duos II,201
205,In Step,133
123,Jota Quest-1995,96
1,For Those About To Rock We Salute You,1
245,Van Halen III,152
62,Machine Head,58
102,Live After Death,90
327,Bach: Orchestral Suites Nos. 1 - 4,257
285,A Soprano Inspired,219
184,Os Cães Ladram Mas A Caravana Não Pára,121
81,One By One,84
41,Meus Momentos,56
142,Lulu Santos - RCA 100 Anos De Música - Álbum 01,101
306,Elgar: Cello Concerto & Vaughan Williams: Fantasias,241
264,Realize,199
163,From The Muddy Banks Of The Wishkah [Live],110
121,Surfing with the Alien (Remastered),95
224,Acústico,146
243,"The Best Of Van Halen, Vol. I",152
20,The Best Of Buddy Guy - The Millenium Collection,15
304,Beethoven Piano Sonatas: Moonlight & Pastorale,238
346,Mozart: Chamber Music,274
100,Iron Maiden,90
203,A-Sides,132
161,Demorou...,108
60,Fireball,58
283,Haydn: Symphonies 99 - 104,217
325,Bartok: Violin & Viola Concertos,255
140,Mais Do Mesmo,99
182,Vs.,118
262,Quiet Songs,197
39,International Superhits,54
119,Get Born,93
222,Serie Sem Limite (Disc 1),145
302,Mascagni: Cavalleria Rusticana,236
18,Body Count,13
159,Minas,42
79,In Your Honor [Disc 1],84
16,Black Sabbath,12
344,Schubert: The Late String Quartets & String Quintet (3 CD's),272
281,Sir Neville Marriner: A Celebration,215
201,Judas 0: B-Sides and Rarities,131
138,The Song Remains The Same (Disc 2),22
58,Come Taste The Band,58
321,Back to Black,252
323,Carried to Dust (Bonus Track Version),253
117,Synkronized,92
180,Riot Act,118
178,Live On Two Legs [Live],118
241,UB40 The Best Of - Volume Two [UK],151
35,Garage Inc. (Disc 1),50
37,Greatest Kiss,52
300,Bach: The Brandenburg Concertos,234
98,Dance Of Death,90
157,Miles Ahead,68
220,Transmission,143
14,Alcohol Fueled Brewtality Live! [Disc 1],11
77,The Real Thing,82
279,Handel: The Messiah (Highlights),213
342,"Locatelli: Concertos for Violin, Strings and Continuo, Vol. 3",271
340,Liszt - 12 Études D'Execution Transcendante,269
199,Maquinarama,130
136,Presence,22
260,Cake: B-Sides and Rarities,196
197,Santana - As Years Go By,59
56,Cássia Eller - Coleção Sem Limite [Disc 2],77
319,Armada: Music from the Courts of England and Spain,251
239,War,150
176,Original Soundtracks 1,116
96,A Real Live One,90
33,Chill: Brazil (Disc 1),24
218,Voodoo Lounge,142
298,Prokofiev: Symphony No.1,232
75,Angel Dust,82
155,St. Anger,50
258,House of Pain,180
12,BackBeat Soundtrack,9
54,"Chronicle, Vol. 1",76
338,Nielsen: The Six Symphonies,267
115,Sex Machine,91
195,Californication,127
237,Rattle And Hum,150
52,Vinícius De Moraes - Sem Limite,70
94,A Matter of Life and Death,90
317,Mozart Gala: Famous Arias,249
216,"Hot Rocks, 1964-1971 (Disc 1)",142
174,Tribute,114
277,Bach: Goldberg Variations,211
31,Bongo Fury,23
73,Unplugged,81
153,ReLoad,50
134,Led Zeppelin III,22
214,The Doors,140
256,Speak of the Devil,114
10,Audioslave,8
113,The X Factor,90
71,Elis Regina-Minha História,41
235,How To Dismantle An Atomic Bomb,150
336,Prokofiev: Symphony No.5 & Stravinksy: Le Sacre Du Printemps,248
296,"A Copland Celebration, Vol. I",230
193,Blood Sugar Sex Magik,127
92,Use Your Illusion II,88
50,The Final Concerts (Disc 2),58
275,Vivaldi: The Four Seasons,209
315,Handel: Music for the Royal Fireworks (Original Version 1749),208
132,Led Zeppelin I,22
172,Diary of a Madman (Remastered),114
254,Aquaman,159
233,All That You Can't Leave Behind,150
111,Somewhere in Time,90
29,Axé Bahia 2001,21
294,Great Performances - Barber's Adagio and Other Romantic Favorites for Strings,228
212,Beyond Good And Evil,139
90,Appetite for Destruction,88
69,Djavan Ao Vivo - Vol. 02,80
151,Load,50
334,Weill: The Seven Deadly Sins,264
8,Warner 25 Anos,6
191,Cesta Básica,125
273,Allegri: Miserere,207
48,The Essential Miles Davis [Disc 1],68
130,In Through The Out Door,22
231,"Lost, Season 2",149
252,Un-Led-Ed,157
27,Cidade Negra - Hits,19
313,Bizet: Carmen Highlights,246
88,Faceless,87
109,Rock In Rio [CD2],90
210,Live [Disc 2],137
170,Bark at the Moon (Remastered),114
67,Vault: Def Leppard's Greatest Hits,78
292,"Holst: The Planets, Op. 32 & Vaughan Williams: Fantasies",226
332,The Ultimate Relexation Album,262
149,Garage Inc. (Disc 2),50
189,New Adventures In Hi-Fi,124
6,Jagged Little Pill,4
250,"The Office, Season 2",156
271,Revelations,8
46,Supernatural,59
128,Coda,22
107,Powerslave,90
311,Strauss: Waltzes,226
229,"Lost, Season 3",149
168,Arquivo II,113
86,Quanta Gente Veio Ver (Live),27
25,Da Lama Ao Caos,18
208,[1997] Black Light Syndrome,136
290,The Last Night of the Proms,224
269,Temple of the Dog,204
147,The Best Of Men At Work,105
65,Stormbringer,58
4,Let There Be Rock,1
248,Ao Vivo [IMPORT],155
330,Górecki: Symphony No. 3,260
105,No Prayer For The Dying,90
126,Unplugged [Live],52
227,"Battlestar Galactica, Season 3",147
187,Out Of Time,122
84,Roda De Funk,86
44,Physical Graffiti [Disc 1],22
267,Worlds,202
309,Palestrina: Missa Papae Marcelli & Allegri: Miserere,244
63,Purpendicular,58
166,Olodum,112
124,Cafezinho,97
23,Minha Historia,17
246,Contraband,153
288,"Fauré: Requiem, Ravel: Pavane & Others",222
103,Live At Donington 1992 (Disc 1),90
145,Barulhinho Bom,103
225,Volume Dois,146
206,Core,134
286,Great Opera Choruses,220
2,Balls to the Wall,2
82,The Colour And The Shape,84
328,"Charpentier: Divertissements, Airs & Concerts",258
143,Lulu Santos - RCA 100 Anos De Música - Álbum 02,101
185,Greatest Hits I,51
42,Minha História,57
307,"Adams, John: The Chairman Dances",242
164,Nevermind,110
21,Prenda Minha,16
347,Koyaanisqatsi (Soundtrack from the Motion Picture),275
204,Morning Dance,53
