﻿[{"ArtistId":61,"Name":"Santana Feat. Everlast"},{"ArtistId":265,"Name":"Julian Bream"},{"ArtistId":183,"Name":"Gustavo \u0026 Andres Veiga \u0026 Salazar"},{"ArtistId":122,"Name":"R.E.M. Feat. Kate Pearson"},{"ArtistId":40,"Name":"Os Cariocas"},{"ArtistId":244,"Name":"Choir Of Westminster Abbey \u0026 Simon Preston"},{"ArtistId":162,"Name":"Los Lonely Boys"},{"ArtistId":101,"Name":"Lulu Santos"},{"ArtistId":223,"Name":"London Symphony Orchestra \u0026 Sir Charles Mackerras"},{"ArtistId":141,"Name":"The Police"},{"ArtistId":19,"Name":"Cidade Negra"},{"ArtistId":263,"Name":"Equale Brass Ensemble, John Eliot Gardiner \u0026 Munich Monteverdi Orchestra and Choir"},{"ArtistId":80,"Name":"Djavan"},{"ArtistId":120,"Name":"Pink Floyd"},{"ArtistId":202,"Name":"Aaron Goldberg"},{"ArtistId":99,"Name":"Legião Urbana"},{"ArtistId":59,"Name":"Santana"},{"ArtistId":160,"Name":"Christina Aguilera featuring BigElf"},{"ArtistId":181,"Name":"Xis"},{"ArtistId":17,"Name":"Chico Buarque"},{"ArtistId":242,"Name":"Edo de Waart \u0026 San Francisco Symphony"},{"ArtistId":139,"Name":"The Cult"},{"ArtistId":38,"Name":"Banda Black Rio"},{"ArtistId":261,"Name":"Roger Norrington, London Classical Players"},{"ArtistId":221,"Name":"Sir Georg Solti \u0026 Wiener Philharmoniker"},{"ArtistId":118,"Name":"Pearl Jam"},{"ArtistId":78,"Name":"Def Leppard"},{"ArtistId":179,"Name":"Scorpions"},{"ArtistId":200,"Name":"The Posies"},{"ArtistId":158,"Name":"Battlestar Galactica (Classic)"},{"ArtistId":57,"Name":"Os Mutantes"},{"ArtistId":15,"Name":"Buddy Guy"},{"ArtistId":240,"Name":"Gustav Mahler"},{"ArtistId":137,"Name":"The Black Crowes"},{"ArtistId":36,"Name":"O Rappa"},{"ArtistId":177,"Name":"Jack\u0027s Mannequin \u0026 Mick Fleetwood"},{"ArtistId":97,"Name":"João Suplicy"},{"ArtistId":34,"Name":"Nando Reis"},{"ArtistId":219,"Name":"Britten Sinfonia, Ivor Bolton \u0026 Lesley Garrett"},{"ArtistId":156,"Name":"The Office"},{"ArtistId":76,"Name":"Creedence Clearwater Revival"},{"ArtistId":13,"Name":"Body Count"},{"ArtistId":198,"Name":"Habib Koité and Bamada"},{"ArtistId":135,"Name":"System Of A Down"},{"ArtistId":259,"Name":"The 12 Cellists of The Berlin Philharmonic"},{"ArtistId":196,"Name":"Cake"},{"ArtistId":55,"Name":"David Coverdale"},{"ArtistId":53,"Name":"Spyro Gyra"},{"ArtistId":116,"Name":"Passengers"},{"ArtistId":175,"Name":"Jaguares"},{"ArtistId":238,"Name":"Maurizio Pollini"},{"ArtistId":32,"Name":"Ney Matogrosso"},{"ArtistId":95,"Name":"Joe Satriani"},{"ArtistId":154,"Name":"Whitesnake"},{"ArtistId":217,"Name":"Royal Philharmonic Orchestra \u0026 Sir Thomas Beecham"},{"ArtistId":215,"Name":"Academy of St. Martin in the Fields Chamber Ensemble \u0026 Sir Neville Marriner"},{"ArtistId":74,"Name":"Vinícius E Odette Lara"},{"ArtistId":11,"Name":"Black Label Society"},{"ArtistId":257,"Name":"Academy of St. Martin in the Fields, Sir Neville Marriner \u0026 Thurston Dart"},{"ArtistId":194,"Name":"Sabotage E Instituto"},{"ArtistId":114,"Name":"Ozzy Osbourne"},{"ArtistId":51,"Name":"Queen"},{"ArtistId":236,"Name":"James Levine"},{"ArtistId":173,"Name":"Matisyahu"},{"ArtistId":93,"Name":"JET"},{"ArtistId":30,"Name":"Jorge Vercilo"},{"ArtistId":72,"Name":"Vinícius De Moraes"},{"ArtistId":213,"Name":"Scholars Baroque Ensemble"},{"ArtistId":133,"Name":"Stevie Ray Vaughan \u0026 Double Trouble"},{"ArtistId":9,"Name":"BackBeat"},{"ArtistId":255,"Name":"Yehudi Menuhin"},{"ArtistId":70,"Name":"Toquinho \u0026 Vinícius"},{"ArtistId":112,"Name":"Olodum"},{"ArtistId":192,"Name":"DJ Dolores \u0026 Orchestra Santa Massa"},{"ArtistId":234,"Name":"Orchestra of The Age of Enlightenment"},{"ArtistId":49,"Name":"Edson, DJ Marky \u0026 DJ Patife Featuring Fernanda Porto"},{"ArtistId":91,"Name":"James Brown"},{"ArtistId":171,"Name":"Ben Harper"},{"ArtistId":152,"Name":"Van Halen"},{"ArtistId":232,"Name":"Sergei Prokofiev \u0026 Yuri Temirkanov"},{"ArtistId":274,"Name":"Nash Ensemble"},{"ArtistId":28,"Name":"João Gilberto"},{"ArtistId":131,"Name":"Smashing Pumpkins"},{"ArtistId":89,"Name":"Incognito"},{"ArtistId":253,"Name":"Calexico"},{"ArtistId":211,"Name":"Wilhelm Kempff"},{"ArtistId":110,"Name":"Nirvana"},{"ArtistId":68,"Name":"Miles Davis"},{"ArtistId":150,"Name":"U2"},{"ArtistId":190,"Name":"Instituto"},{"ArtistId":7,"Name":"Apocalyptica"},{"ArtistId":251,"Name":"Fretwork"},{"ArtistId":272,"Name":"Emerson String Quartet"},{"ArtistId":47,"Name":"Hermeto Pascoal"},{"ArtistId":129,"Name":"Simply Red"},{"ArtistId":230,"Name":"Aaron Copland \u0026 London Symphony Orchestra"},{"ArtistId":108,"Name":"Mônica Marianno"},{"ArtistId":87,"Name":"Godsmack"},{"ArtistId":169,"Name":"Black Eyed Peas"},{"ArtistId":209,"Name":"Anne-Sophie Mutter, Herbert Von Karajan \u0026 Wiener Philharmoniker"},{"ArtistId":26,"Name":"Azymuth"},{"ArtistId":66,"Name":"Santana Feat. Eagle-Eye Cherry"},{"ArtistId":148,"Name":"Heroes"},{"ArtistId":249,"Name":"Sir Georg Solti, Sumi Jo \u0026 Wiener Philharmoniker"},{"ArtistId":5,"Name":"Alice In Chains"},{"ArtistId":45,"Name":"Sandra De Sá"},{"ArtistId":270,"Name":"Gerald Moore"},{"ArtistId":106,"Name":"Motörhead"},{"ArtistId":127,"Name":"Red Hot Chili Peppers"},{"ArtistId":228,"Name":"Leonard Bernstein \u0026 New York Philharmonic"},{"ArtistId":188,"Name":"Mundo Livre S/A"},{"ArtistId":85,"Name":"Frank Sinatra"},{"ArtistId":167,"Name":"Big \u0026 Rich"},{"ArtistId":207,"Name":"Richard Marlow \u0026 The Choir of Trinity College, Cambridge"},{"ArtistId":24,"Name":"Marcos Valle"},{"ArtistId":268,"Name":"Itzhak Perlman"},{"ArtistId":146,"Name":"Titãs"},{"ArtistId":64,"Name":"Santana Feat. The Project G\u0026B"},{"ArtistId":3,"Name":"Aerosmith"},{"ArtistId":125,"Name":"Raimundos"},{"ArtistId":186,"Name":"Pedro Luís E A Parede"},{"ArtistId":247,"Name":"The King\u0027s Singers"},{"ArtistId":43,"Name":"A Cor Do Som"},{"ArtistId":104,"Name":"Marvin Gaye"},{"ArtistId":165,"Name":"Jackson Browne"},{"ArtistId":226,"Name":"Eugene Ormandy"},{"ArtistId":22,"Name":"Led Zeppelin"},{"ArtistId":83,"Name":"Falamansa"},{"ArtistId":144,"Name":"The Who"},{"ArtistId":266,"Name":"Martin Roscoe"},{"ArtistId":205,"Name":"Chris Cornell"},{"ArtistId":123,"Name":"R.E.M. Feat. KRS-One"},{"ArtistId":1,"Name":"AC/DC"},{"ArtistId":245,"Name":"Michael Tilson Thomas \u0026 San Francisco Symphony"},{"ArtistId":62,"Name":"Santana Feat. Rob Thomas"},{"ArtistId":102,"Name":"Marillion"},{"ArtistId":184,"Name":"Rodox"},{"ArtistId":81,"Name":"Eric Clapton"},{"ArtistId":41,"Name":"Elis Regina"},{"ArtistId":142,"Name":"The Rolling Stones"},{"ArtistId":163,"Name":"Corinne Bailey Rae"},{"ArtistId":264,"Name":"Kent Nagano and Orchestre de l\u0027Opéra de Lyon"},{"ArtistId":224,"Name":"Barry Wordsworth \u0026 BBC Concert Orchestra"},{"ArtistId":121,"Name":"Planet Hemp"},{"ArtistId":20,"Name":"Cláudio Zoli"},{"ArtistId":243,"Name":"Antal Doráti \u0026 London Symphony Orchestra"},{"ArtistId":203,"Name":"Nicolaus Esterhazy Sinfonia"},{"ArtistId":100,"Name":"Lenny Kravitz"},{"ArtistId":60,"Name":"Santana Feat. Dave Matthews"},{"ArtistId":161,"Name":"Aerosmith \u0026 Sierra Leone\u0027s Refugee Allstars"},{"ArtistId":182,"Name":"Nega Gizza"},{"ArtistId":140,"Name":"The Doors"},{"ArtistId":39,"Name":"Fernanda Porto"},{"ArtistId":262,"Name":"Charles Dutoit \u0026 L\u0027Orchestre Symphonique de Montréal"},{"ArtistId":222,"Name":"Academy of St. Martin in the Fields, John Birch, Sir Neville Marriner \u0026 Sylvia McNair"},{"ArtistId":119,"Name":"Peter Tosh"},{"ArtistId":18,"Name":"Chico Science \u0026 Nação Zumbi"},{"ArtistId":159,"Name":"Aquaman"},{"ArtistId":79,"Name":"Dennis Chambers"},{"ArtistId":16,"Name":"Caetano Veloso"},{"ArtistId":201,"Name":"Luciana Souza/Romero Lubambo"},{"ArtistId":138,"Name":"The Clash"},{"ArtistId":58,"Name":"Deep Purple"},{"ArtistId":117,"Name":"Paul D\u0027Ianno"},{"ArtistId":180,"Name":"House Of Pain"},{"ArtistId":178,"Name":"Regina Spektor"},{"ArtistId":241,"Name":"Felix Schmidt, London Symphony Orchestra \u0026 Rafael Frühbeck de Burgos"},{"ArtistId":35,"Name":"Pedro Luís \u0026 A Parede"},{"ArtistId":37,"Name":"Ed Motta"},{"ArtistId":157,"Name":"Dread Zeppelin"},{"ArtistId":98,"Name":"Judas Priest"},{"ArtistId":14,"Name":"Bruce Dickinson"},{"ArtistId":220,"Name":"Chicago Symphony Chorus, Chicago Symphony Orchestra \u0026 Sir Georg Solti"},{"ArtistId":136,"Name":"Terry Bozzio, Tony Levin \u0026 Steve Stevens"},{"ArtistId":77,"Name":"Cássia Eller"},{"ArtistId":197,"Name":"Aisha Duo"},{"ArtistId":199,"Name":"Karsh Kale"},{"ArtistId":176,"Name":"The Flaming Lips"},{"ArtistId":260,"Name":"Adrian Leaper \u0026 Doreen de Feis"},{"ArtistId":33,"Name":"Luiz Melodia"},{"ArtistId":56,"Name":"Gonzaguinha"},{"ArtistId":155,"Name":"Zeca Pagodinho"},{"ArtistId":239,"Name":"Academy of St. Martin in the Fields, Sir Neville Marriner \u0026 William Bennett"},{"ArtistId":12,"Name":"Black Sabbath"},{"ArtistId":96,"Name":"Jota Quest"},{"ArtistId":195,"Name":"Stereo Maracana"},{"ArtistId":218,"Name":"Orchestre Révolutionnaire et Romantique \u0026 John Eliot Gardiner"},{"ArtistId":52,"Name":"Kiss"},{"ArtistId":75,"Name":"Vinicius, Toquinho \u0026 Quarteto Em Cy"},{"ArtistId":174,"Name":"The Postal Service"},{"ArtistId":258,"Name":"Les Arts Florissants \u0026 William Christie"},{"ArtistId":31,"Name":"Baby Consuelo"},{"ArtistId":54,"Name":"Green Day"},{"ArtistId":153,"Name":"Velvet Revolver"},{"ArtistId":115,"Name":"Page \u0026 Plant"},{"ArtistId":214,"Name":"Academy of St. Martin in the Fields \u0026 Sir Neville Marriner"},{"ArtistId":237,"Name":"Berliner Philharmoniker \u0026 Hans Rosbaud"},{"ArtistId":10,"Name":"Billy Cobham"},{"ArtistId":94,"Name":"Jimi Hendrix"},{"ArtistId":71,"Name":"Vinícius De Moraes \u0026 Baden Powell"},{"ArtistId":216,"Name":"Berliner Philharmoniker, Claudio Abbado \u0026 Sabine Meyer"},{"ArtistId":193,"Name":"Seu Jorge"},{"ArtistId":73,"Name":"Vinícius E Qurteto Em Cy"},{"ArtistId":50,"Name":"Metallica"},{"ArtistId":134,"Name":"Stone Temple Pilots"},{"ArtistId":172,"Name":"Snow Patrol"},{"ArtistId":256,"Name":"Philharmonia Orchestra \u0026 Sir Neville Marriner"},{"ArtistId":233,"Name":"Chicago Symphony Orchestra \u0026 Fritz Reiner"},{"ArtistId":113,"Name":"Os Paralamas Do Sucesso"},{"ArtistId":29,"Name":"Bebel Gilberto"},{"ArtistId":235,"Name":"Emanuel Ax, Eugene Ormandy \u0026 Philadelphia Orchestra"},{"ArtistId":212,"Name":"Yo-Yo Ma"},{"ArtistId":92,"Name":"Jamiroquai"},{"ArtistId":69,"Name":"Gene Krupa"},{"ArtistId":275,"Name":"Philip Glass Ensemble"},{"ArtistId":191,"Name":"Nação Zumbi"},{"ArtistId":132,"Name":"Soundgarden"},{"ArtistId":48,"Name":"Barão Vermelho"},{"ArtistId":254,"Name":"Otto Klemperer \u0026 Philharmonia Orchestra"},{"ArtistId":231,"Name":"Ton Koopman"},{"ArtistId":111,"Name":"O Terço"},{"ArtistId":27,"Name":"Gilberto Gil"},{"ArtistId":90,"Name":"Iron Maiden"},{"ArtistId":88,"Name":"Guns N\u0027 Roses"},{"ArtistId":151,"Name":"UB40"},{"ArtistId":210,"Name":"Hilary Hahn, Jeffrey Kahane, Los Angeles Chamber Orchestra \u0026 Margaret Batjer"},{"ArtistId":8,"Name":"Audioslave"},{"ArtistId":67,"Name":"Santana Feat. Eric Clapton"},{"ArtistId":273,"Name":"C. Monteverdi, Nigel Rogers - Chiaroscuro; London Baroque; London Cornett \u0026 Sackbu"},{"ArtistId":189,"Name":"Otto"},{"ArtistId":130,"Name":"Skank"},{"ArtistId":250,"Name":"Christopher O\u0027Riley"},{"ArtistId":252,"Name":"Amy Winehouse"},{"ArtistId":46,"Name":"Jorge Ben"},{"ArtistId":109,"Name":"Mötley Crüe"},{"ArtistId":107,"Name":"Motörhead \u0026 Girlschool"},{"ArtistId":170,"Name":"Jack Johnson"},{"ArtistId":229,"Name":"Boston Symphony Orchestra \u0026 Seiji Ozawa"},{"ArtistId":149,"Name":"Lost"},{"ArtistId":86,"Name":"Funk Como Le Gusta"},{"ArtistId":6,"Name":"Antônio Carlos Jobim"},{"ArtistId":208,"Name":"English Concert \u0026 Trevor Pinnock"},{"ArtistId":271,"Name":"Mela Tenenbaum, Pro Musica Prague \u0026 Richard Kapp"},{"ArtistId":269,"Name":"Michele Campanella"},{"ArtistId":128,"Name":"Rush"},{"ArtistId":65,"Name":"Santana Feat. Maná"},{"ArtistId":168,"Name":"Youssou N\u0027Dour"},{"ArtistId":248,"Name":"Berliner Philharmoniker \u0026 Herbert Von Karajan"},{"ArtistId":25,"Name":"Milton Nascimento \u0026 Bebeto"},{"ArtistId":105,"Name":"Men At Work"},{"ArtistId":147,"Name":"Battlestar Galactica"},{"ArtistId":227,"Name":"Luciano Pavarotti"},{"ArtistId":4,"Name":"Alanis Morissette"},{"ArtistId":84,"Name":"Foo Fighters"},{"ArtistId":126,"Name":"Raul Seixas"},{"ArtistId":267,"Name":"Göteborgs Symfoniker \u0026 Neeme Järvi"},{"ArtistId":187,"Name":"Los Hermanos"},{"ArtistId":63,"Name":"Santana Feat. Lauryn Hill \u0026 Cee-Lo"},{"ArtistId":44,"Name":"Kid Abelha"},{"ArtistId":124,"Name":"R.E.M."},{"ArtistId":166,"Name":"Avril Lavigne"},{"ArtistId":246,"Name":"Chor der Wiener Staatsoper, Herbert Von Karajan \u0026 Wiener Philharmoniker"},{"ArtistId":23,"Name":"Frank Zappa \u0026 Captain Beefheart"},{"ArtistId":103,"Name":"Marisa Monte"},{"ArtistId":145,"Name":"Tim Maia"},{"ArtistId":225,"Name":"Herbert Von Karajan, Mirella Freni \u0026 Wiener Philharmoniker"},{"ArtistId":206,"Name":"Alberto Turco \u0026 Nova Schola Gregoriana"},{"ArtistId":82,"Name":"Faith No More"},{"ArtistId":2,"Name":"Accept"},{"ArtistId":143,"Name":"The Tea Party"},{"ArtistId":185,"Name":"Charlie Brown Jr."},{"ArtistId":42,"Name":"Milton Nascimento"},{"ArtistId":164,"Name":"Dhani Harrison \u0026 Jakob Dylan"},{"ArtistId":21,"Name":"Various Artists"},{"ArtistId":204,"Name":"Temple of the Dog"}]